{
  "model_id": "../models/Llama/Llama-3.1-8B-Instruct",
  "data_path": "data/aime2025.jsonl",
  "num_examples": 30,
  "prefix_ratios": [
    1.0,
    0.8,
    0.6,
    0.4
  ],
  "correct_counts": {
    "1.0": 0,
    "0.8": 0,
    "0.6": 0,
    "0.4": 0
  },
  "accuracies": {
    "1.0": 0.0,
    "0.8": 0.0,
    "0.6": 0.0,
    "0.4": 0.0
  },
  "avg_rougeL_f": {
    "1.0": 0.0,
    "0.8": 0.01609757114252591,
    "0.6": 0.021772492644282944,
    "0.4": 0.03557491008563196
  },
  "no_boxed_counts": {
    "1.0": 11,
    "0.8": 10,
    "0.6": 13,
    "0.4": 11
  },
  "no_boxed_ratios": {
    "1.0": 0.36666666666666664,
    "0.8": 0.3333333333333333,
    "0.6": 0.43333333333333335,
    "0.4": 0.36666666666666664
  },
  "max_new_tokens": 2048,
  "temperature": 0.0,
  "inference_engine": "vllm"
}