{
  "model_id": "../models/Llama/Llama-3.2-1B-Instruct",
  "data_path": "data/aime2025.jsonl",
  "num_examples": 30,
  "prefix_ratios": [
    1.0,
    0.8,
    0.6,
    0.4
  ],
  "correct_counts": {
    "1.0": 0,
    "0.8": 0,
    "0.6": 0,
    "0.4": 0
  },
  "accuracies": {
    "1.0": 0.0,
    "0.8": 0.0,
    "0.6": 0.0,
    "0.4": 0.0
  },
  "avg_rougeL_f": {
    "1.0": 0.0,
    "0.8": 0.02515192676397624,
    "0.6": 0.04145078088272126,
    "0.4": 0.05910532371335799
  },
  "no_boxed_counts": {
    "1.0": 12,
    "0.8": 13,
    "0.6": 12,
    "0.4": 11
  },
  "no_boxed_ratios": {
    "1.0": 0.4,
    "0.8": 0.43333333333333335,
    "0.6": 0.4,
    "0.4": 0.36666666666666664
  },
  "max_new_tokens": 2048,
  "temperature": 0.0,
  "inference_engine": "vllm"
}