{
  "model_id": "out/students/llama_instruct_from_llama_merged",
  "data_path": "data/aime2025.jsonl",
  "num_examples": 30,
  "prefix_ratios": [
    1.0,
    0.8,
    0.6,
    0.4
  ],
  "correct_counts": {
    "1.0": 0,
    "0.8": 0,
    "0.6": 0,
    "0.4": 0
  },
  "accuracies": {
    "1.0": 0.0,
    "0.8": 0.0,
    "0.6": 0.0,
    "0.4": 0.0
  },
  "avg_rougeL_f": {
    "1.0": 0.0,
    "0.8": 0.030105955619740922,
    "0.6": 0.0532987332995341,
    "0.4": 0.07790260323476016
  },
  "no_boxed_counts": {
    "1.0": 21,
    "0.8": 22,
    "0.6": 23,
    "0.4": 22
  },
  "no_boxed_ratios": {
    "1.0": 0.7,
    "0.8": 0.7333333333333333,
    "0.6": 0.7666666666666667,
    "0.4": 0.7333333333333333
  },
  "max_new_tokens": 2048,
  "temperature": 0.0,
  "inference_engine": "vllm"
}