{
  "model_id": "../models/Qwen2.5/Qwen2.5-Math-7B-Instruct",
  "data_path": "data/aime2025.jsonl",
  "num_examples": 30,
  "prefix_ratios": [
    1.0,
    0.8,
    0.6,
    0.4
  ],
  "correct_counts": {
    "1.0": 3,
    "0.8": 0,
    "0.6": 0,
    "0.4": 0
  },
  "accuracies": {
    "1.0": 0.1,
    "0.8": 0.0,
    "0.6": 0.0,
    "0.4": 0.0
  },
  "avg_rougeL_f": {
    "1.0": 0.0,
    "0.8": 0.027403100673784778,
    "0.6": 0.04252280465406296,
    "0.4": 0.07814567860497089
  },
  "no_boxed_counts": {
    "1.0": 1,
    "0.8": 5,
    "0.6": 3,
    "0.4": 3
  },
  "no_boxed_ratios": {
    "1.0": 0.03333333333333333,
    "0.8": 0.16666666666666666,
    "0.6": 0.1,
    "0.4": 0.1
  },
  "max_new_tokens": 2048,
  "temperature": 0.0,
  "inference_engine": "vllm"
}