{
  "model_id": "out/students/llama_from_qwen_merged",
  "data_path": "data/math500.jsonl",
  "num_examples": 500,
  "prefix_ratios": [
    1.0,
    0.8,
    0.6,
    0.4
  ],
  "correct_counts": {
    "1.0": 119,
    "0.8": 48,
    "0.6": 31,
    "0.4": 16
  },
  "accuracies": {
    "1.0": 0.238,
    "0.8": 0.096,
    "0.6": 0.062,
    "0.4": 0.032
  },
  "avg_rougeL_f": {
    "1.0": 0.0,
    "0.8": 0.07235490157366327,
    "0.6": 0.1372004529296125,
    "0.4": 0.16604874145784085
  },
  "no_boxed_counts": {
    "1.0": 161,
    "0.8": 170,
    "0.6": 163,
    "0.4": 150
  },
  "no_boxed_ratios": {
    "1.0": 0.322,
    "0.8": 0.34,
    "0.6": 0.326,
    "0.4": 0.3
  },
  "max_new_tokens": 2048,
  "temperature": 0.0,
  "inference_engine": "vllm"
}