{
  "model_id": "meta-llama/Llama-3.2-1B-Instruct",
  "data_path": "data/math500.jsonl",
  "num_examples": 500,
  "prefix_ratios": [
    1.0,
    0.8,
    0.6,
    0.4
  ],
  "correct_counts": {
    "1.0": 98,
    "0.8": 39,
    "0.6": 21,
    "0.4": 14
  },
  "accuracies": {
    "1.0": 0.196,
    "0.8": 0.078,
    "0.6": 0.042,
    "0.4": 0.028
  },
  "avg_rougeL_f": {
    "1.0": 0.0,
    "0.8": 0.06141928465860704,
    "0.6": 0.10439849127566195,
    "0.4": 0.13334624434073153
  },
  "no_boxed_counts": {
    "1.0": 123,
    "0.8": 130,
    "0.6": 131,
    "0.4": 110
  },
  "no_boxed_ratios": {
    "1.0": 0.246,
    "0.8": 0.26,
    "0.6": 0.262,
    "0.4": 0.22
  },
  "max_new_tokens": 2048,
  "temperature": 0.0,
  "inference_engine": "vllm"
}