{
  "model_id": "out/students/qwen_from_llama_merged",
  "data_path": "data/math500.jsonl",
  "num_examples": 500,
  "prefix_ratios": [
    1.0,
    0.8,
    0.6,
    0.4
  ],
  "correct_counts": {
    "1.0": 129,
    "0.8": 57,
    "0.6": 37,
    "0.4": 18
  },
  "accuracies": {
    "1.0": 0.258,
    "0.8": 0.114,
    "0.6": 0.074,
    "0.4": 0.036
  },
  "avg_rougeL_f": {
    "1.0": 0.0,
    "0.8": 0.053237147828465774,
    "0.6": 0.0974334621703416,
    "0.4": 0.12505372564790335
  },
  "no_boxed_counts": {
    "1.0": 200,
    "0.8": 222,
    "0.6": 243,
    "0.4": 230
  },
  "no_boxed_ratios": {
    "1.0": 0.4,
    "0.8": 0.444,
    "0.6": 0.486,
    "0.4": 0.46
  },
  "max_new_tokens": 2048,
  "temperature": 0.0,
  "inference_engine": "vllm"
}