{
  "model_id": "out/students/llama_from_qwen_merged",
  "data_path": "data/aime2025.jsonl",
  "num_examples": 30,
  "prefix_ratios": [
    1.0,
    0.8,
    0.6,
    0.4
  ],
  "correct_counts": {
    "1.0": 0,
    "0.8": 0,
    "0.6": 0,
    "0.4": 0
  },
  "accuracies": {
    "1.0": 0.0,
    "0.8": 0.0,
    "0.6": 0.0,
    "0.4": 0.0
  },
  "avg_rougeL_f": {
    "1.0": 0.0,
    "0.8": 0.01951227214147749,
    "0.6": 0.04690876604148688,
    "0.4": 0.06945862761561584
  },
  "no_boxed_counts": {
    "1.0": 23,
    "0.8": 22,
    "0.6": 19,
    "0.4": 17
  },
  "no_boxed_ratios": {
    "1.0": 0.7666666666666667,
    "0.8": 0.7333333333333333,
    "0.6": 0.6333333333333333,
    "0.4": 0.5666666666666667
  },
  "max_new_tokens": 2048,
  "temperature": 0.0,
  "inference_engine": "vllm"
}