{
  "model_id": "/home/ailab/dev/models/Qwen2.5/Qwen2.5-1.5B",
  "data_path": "data/math500.jsonl",
  "num_examples": 500,
  "prefix_ratios": [
    1.0,
    0.8,
    0.6,
    0.4
  ],
  "correct_counts": {
    "1.0": 112,
    "0.8": 46,
    "0.6": 21,
    "0.4": 12
  },
  "accuracies": {
    "1.0": 0.224,
    "0.8": 0.092,
    "0.6": 0.042,
    "0.4": 0.024
  },
  "avg_rougeL_f": {
    "1.0": 0.0,
    "0.8": 0.04248671763626985,
    "0.6": 0.09321515727148862,
    "0.4": 0.12368666017930818
  },
  "no_boxed_counts": {
    "1.0": 188,
    "0.8": 178,
    "0.6": 192,
    "0.4": 200
  },
  "no_boxed_ratios": {
    "1.0": 0.376,
    "0.8": 0.356,
    "0.6": 0.384,
    "0.4": 0.4
  },
  "max_new_tokens": 2048,
  "temperature": 0.0,
  "inference_engine": "vllm"
}