{
  "model_id": "out/students/qwen_from_qwen_merged",
  "data_path": "data/aime2025.jsonl",
  "num_examples": 30,
  "prefix_ratios": [
    1.0,
    0.8,
    0.6,
    0.4
  ],
  "correct_counts": {
    "1.0": 0,
    "0.8": 0,
    "0.6": 0,
    "0.4": 0
  },
  "accuracies": {
    "1.0": 0.0,
    "0.8": 0.0,
    "0.6": 0.0,
    "0.4": 0.0
  },
  "avg_rougeL_f": {
    "1.0": 0.0,
    "0.8": 0.021921458713419332,
    "0.6": 0.0388428958811982,
    "0.4": 0.0680855916384164
  },
  "no_boxed_counts": {
    "1.0": 13,
    "0.8": 11,
    "0.6": 15,
    "0.4": 9
  },
  "no_boxed_ratios": {
    "1.0": 0.43333333333333335,
    "0.8": 0.36666666666666664,
    "0.6": 0.5,
    "0.4": 0.3
  },
  "max_new_tokens": 2048,
  "temperature": 0.0,
  "inference_engine": "vllm"
}