{
  "model_id": "/home/ailab/dev/models/Qwen2.5/Qwen2.5-Math-7B-Instruct",
  "data_path": "data/math500.jsonl",
  "num_examples": 500,
  "prefix_ratios": [
    1.0,
    0.8,
    0.6,
    0.4
  ],
  "correct_counts": {
    "1.0": 355,
    "0.8": 173,
    "0.6": 101,
    "0.4": 50
  },
  "accuracies": {
    "1.0": 0.71,
    "0.8": 0.346,
    "0.6": 0.202,
    "0.4": 0.1
  },
  "avg_rougeL_f": {
    "1.0": 0.0,
    "0.8": 0.08037087458327874,
    "0.6": 0.13764934061625433,
    "0.4": 0.16496151583832083
  },
  "no_boxed_counts": {
    "1.0": 18,
    "0.8": 18,
    "0.6": 29,
    "0.4": 31
  },
  "no_boxed_ratios": {
    "1.0": 0.036,
    "0.8": 0.036,
    "0.6": 0.058,
    "0.4": 0.062
  },
  "max_new_tokens": 2048,
  "temperature": 0.0,
  "inference_engine": "vllm"
}