{
  "model_id": "out/students/qwen_from_llama_merged",
  "data_path": "data/aime2025.jsonl",
  "num_examples": 30,
  "prefix_ratios": [
    1.0,
    0.8,
    0.6,
    0.4
  ],
  "correct_counts": {
    "1.0": 0,
    "0.8": 0,
    "0.6": 0,
    "0.4": 0
  },
  "accuracies": {
    "1.0": 0.0,
    "0.8": 0.0,
    "0.6": 0.0,
    "0.4": 0.0
  },
  "avg_rougeL_f": {
    "1.0": 0.0,
    "0.8": 0.031136624736445795,
    "0.6": 0.0541922817638808,
    "0.4": 0.07710096116933829
  },
  "no_boxed_counts": {
    "1.0": 22,
    "0.8": 23,
    "0.6": 20,
    "0.4": 20
  },
  "no_boxed_ratios": {
    "1.0": 0.7333333333333333,
    "0.8": 0.7666666666666667,
    "0.6": 0.6666666666666666,
    "0.4": 0.6666666666666666
  },
  "max_new_tokens": 2048,
  "temperature": 0.0,
  "inference_engine": "vllm"
}