{
  "model_id": "out/students/qwen_from_qwen_merged",
  "data_path": "data/math500.jsonl",
  "num_examples": 500,
  "prefix_ratios": [
    1.0,
    0.8,
    0.6,
    0.4
  ],
  "correct_counts": {
    "1.0": 219,
    "0.8": 98,
    "0.6": 59,
    "0.4": 22
  },
  "accuracies": {
    "1.0": 0.438,
    "0.8": 0.196,
    "0.6": 0.118,
    "0.4": 0.044
  },
  "avg_rougeL_f": {
    "1.0": 0.0,
    "0.8": 0.08329423320011013,
    "0.6": 0.14484234532520202,
    "0.4": 0.17092213973781217
  },
  "no_boxed_counts": {
    "1.0": 107,
    "0.8": 99,
    "0.6": 96,
    "0.4": 70
  },
  "no_boxed_ratios": {
    "1.0": 0.214,
    "0.8": 0.198,
    "0.6": 0.192,
    "0.4": 0.14
  },
  "max_new_tokens": 2048,
  "temperature": 0.0,
  "inference_engine": "vllm"
}