{
  "model_id": "../models/Qwen2.5/Qwen2.5-1.5B",
  "data_path": "data/aime2025.jsonl",
  "num_examples": 30,
  "prefix_ratios": [
    1.0,
    0.8,
    0.6,
    0.4
  ],
  "correct_counts": {
    "1.0": 0,
    "0.8": 0,
    "0.6": 0,
    "0.4": 0
  },
  "accuracies": {
    "1.0": 0.0,
    "0.8": 0.0,
    "0.6": 0.0,
    "0.4": 0.0
  },
  "avg_rougeL_f": {
    "1.0": 0.0,
    "0.8": 0.03378527740913872,
    "0.6": 0.055987707378513156,
    "0.4": 0.08163678957588383
  },
  "no_boxed_counts": {
    "1.0": 11,
    "0.8": 4,
    "0.6": 10,
    "0.4": 13
  },
  "no_boxed_ratios": {
    "1.0": 0.36666666666666664,
    "0.8": 0.13333333333333333,
    "0.6": 0.3333333333333333,
    "0.4": 0.43333333333333335
  },
  "max_new_tokens": 2048,
  "temperature": 0.0,
  "inference_engine": "vllm"
}